{
	"params": {
		"latitude": 29.370865,
		"longitude": 47.979139,
		"timezone": "Asia/Kuwait",
		"method": "Kuwait",
		"madhab": "Shafi",
		"highLatitudeRule": "MiddleOfTheNight"
	},
	"source": [
		"https://itunes.apple.com/us/app/kuwait-prayer-times/id723108544?mt=12",
		"adjusted +/- 2 minutes",
		"1/1    0518    0642    1151    1442    1701    1823",
		"1/2    0516    0638    1202    1505    1726    1845",
		"1/3    0456    0615    1201    1519    1747    1904",
		"1/4    0418    0538    1152    1523    1806    1924",
		"1/5    0341    0507    1145    1521    1824    1947",
		"1/6    0315    0449    1146    1520    1843    2013",
		"1/7    0316    0452    1152    1526    1852    2023",
		"1/8    0339    0508    1154    1530    1840    2006",
		"1/9    0403    0525    1148    1522    1811    1930",
		"1/10   0422    0541    1138    1502    1734    1851",
		"1/11   0440    0601    1132    1439    1702    1820",
		"1/12   0501    0624    1137    1430    1649    1811"
	],
	"variance": 2,
	"times": [
		{
			"date": "2016-01-01",
			"fajr": "5:18 AM",
			"sunrise": "6:42 AM",
			"dhuhr": "11:51 AM",
			"asr": "2:42 PM",
			"maghrib": "5:01 PM",
			"isha": "6:23 PM"
		},
		{
			"date": "2016-02-01",
			"fajr": "5:16 AM",
			"sunrise": "6:38 AM",
			"dhuhr": "12:02 PM",
			"asr": "3:05 PM",
			"maghrib": "5:26 PM",
			"isha": "6:45 PM"
		},
		{
			"date": "2016-03-01",
			"fajr": "4:56 AM",
			"sunrise": "6:15 AM",
			"dhuhr": "12:01 PM",
			"asr": "3:19 PM",
			"maghrib": "5:47 PM",
			"isha": "7:04 PM"
		},
		{
			"date": "2016-04-01",
			"fajr": "4:18 AM",
			"sunrise": "5:38 AM",
			"dhuhr": "11:52 AM",
			"asr": "3:23 PM",
			"maghrib": "6:06 PM",
			"isha": "7:24 PM"
		},
		{
			"date": "2016-05-01",
			"fajr": "3:41 AM",
			"sunrise": "5:07 AM",
			"dhuhr": "11:45 AM",
			"asr": "3:21 PM",
			"maghrib": "6:24 PM",
			"isha": "7:47 PM"
		},
		{
			"date": "2016-06-01",
			"fajr": "3:15 AM",
			"sunrise": "4:49 AM",
			"dhuhr": "11:46 AM",
			"asr": "3:20 PM",
			"maghrib": "6:43 PM",
			"isha": "8:13 PM"
		},
		{
			"date": "2016-07-01",
			"fajr": "3:16 AM",
			"sunrise": "4:52 AM",
			"dhuhr": "11:52 AM",
			"asr": "3:26 PM",
			"maghrib": "6:52 PM",
			"isha": "8:23 PM"
		},
		{
			"date": "2016-08-01",
			"fajr": "3:39 AM",
			"sunrise": "5:08 AM",
			"dhuhr": "11:54 AM",
			"asr": "3:30 PM",
			"maghrib": "6:40 PM",
			"isha": "8:06 PM"
		},
		{
			"date": "2016-09-01",
			"fajr": "4:03 AM",
			"sunrise": "5:25 AM",
			"dhuhr": "11:48 AM",
			"asr": "3:22 PM",
			"maghrib": "6:11 PM",
			"isha": "7:30 PM"
		},
		{
			"date": "2016-10-01",
			"fajr": "4:22 AM",
			"sunrise": "5:41 AM",
			"dhuhr": "11:38 AM",
			"asr": "3:02 PM",
			"maghrib": "5:34 PM",
			"isha": "6:51 PM"
		},
		{
			"date": "2016-11-01",
			"fajr": "4:40 AM",
			"sunrise": "6:01 AM",
			"dhuhr": "11:32 AM",
			"asr": "2:39 PM",
			"maghrib": "5:02 PM",
			"isha": "6:20 PM"
		},
		{
			"date": "2016-12-01",
			"fajr": "5:01 AM",
			"sunrise": "6:24 AM",
			"dhuhr": "11:37 AM",
			"asr": "2:30 PM",
			"maghrib": "4:49 PM",
			"isha": "6:11 PM"
		}
	]
}