{
	"params": {
		"latitude": 21.427009,
		"longitude": 39.828685,
		"timezone": "Asia/Riyadh",
		"method": "UmmAlQura",
		"madhab": "Shafi",
		"highLatitudeRule": "MiddleOfTheNight"
	},
	"source": [
		"http://www.ummulqura.org.sa/Index.aspx",
		"adjusted +/- 1 minute",
		"1/5/15 -  25/3/1437    Mecca    05:39-1  06:59+1  12:26    03:32-1  05:53-1  07:23-1",
		"2/4/16 -  25/4/1437    Mecca    05:39    06:57    12:35    03:49-1  06:13-1  07:43-1",
		"3/5/16 -  25/5/1437    Mecca    05:22    06:37+1  12:33-1  03:55    06:27    07:57",
		"4/3/16 -  25/6/1437    Mecca    04:55    06:11+1  12:24    03:50    06:37-1  08:07-1",
		"5/2/16 -  25/7/1437    Mecca    04:27+1  05:48+1  12:18    03:39    06:47    08:17",
		"6/4/16 -  28/8/1437    Mecca    04:11    05:37+1  12:20-1  03:37-1  07:01    08:31",
		"7/8/16 -  3/10/1437    Mecca    04:18    05:44+1  12:26    03:43    07:07    08:37",
		"8/2/16 -  28/10/1437   Mecca    04:32-1  05:54    12:27    03:46    07:00-1  08:30-1",
		"9/4/16 -  3/12/1437    Mecca    04:48-1  06:04+1  12:20    03:45-1  06:34    08:04",
		"10/6/16 -  5/1/1438    Mecca    04:58-1  06:13    12:09    03:32-1  06:04    07:34",
		"11/5/16 -  5/2/1438    Mecca    05:09-1  06:26    12:05-1  03:19-1  05:43-1  07:13-1",
		"12/4/16 -  5/3/1438    Mecca    05:24-1  06:44    12:12-1  03:17    05:38    07:08"
	],
	"times": [
		{
			"date": "2016-01-05",
			"fajr": "5:38 AM",
			"sunrise": "7:00 AM",
			"dhuhr": "12:26 PM",
			"asr": "3:31 PM",
			"maghrib": "5:52 PM",
			"isha": "7:22 PM"
		},		
		{
			"date": "2016-02-04",
			"fajr": "5:39 AM",
			"sunrise": "6:57 AM",
			"dhuhr": "12:35 PM",
			"asr": "3:48 PM",
			"maghrib": "6:12 PM",
			"isha": "7:42 PM"
		},	
		{
			"date": "2016-03-05",
			"fajr": "5:22 AM",
			"sunrise": "6:38 AM",
			"dhuhr": "12:32 PM",
			"asr": "3:55 PM",
			"maghrib": "6:27 PM",
			"isha": "7:57 PM"
		},	
		{
			"date": "2016-04-03",
			"fajr": "4:55 AM",
			"sunrise": "6:12 AM",
			"dhuhr": "12:24 PM",
			"asr": "3:50 PM",
			"maghrib": "6:36 PM",
			"isha": "8:06 PM"
		},
		{
			"date": "2016-05-02",
			"fajr": "4:28 AM",
			"sunrise": "5:49 AM",
			"dhuhr": "12:18 PM",
			"asr": "3:39 PM",
			"maghrib": "6:47 PM",
			"isha": "8:17 PM"
		},
		{
			"date": "2016-06-04",
			"fajr": "4:11 AM",
			"sunrise": "5:38 AM",
			"dhuhr": "12:19 PM",
			"asr": "3:36 PM",
			"maghrib": "7:01 PM",
			"isha": "8:31 PM"
		},
		{
			"date": "2016-07-08",
			"fajr": "4:18 AM",
			"sunrise": "5:45 AM",
			"dhuhr": "12:26 PM",
			"asr": "3:43 PM",
			"maghrib": "7:07 PM",
			"isha": "8:37 PM"
		},
		{
			"date": "2016-08-02",
			"fajr": "4:31 AM",
			"sunrise": "5:54 AM",
			"dhuhr": "12:27 PM",
			"asr": "3:46 PM",
			"maghrib": "6:59 PM",
			"isha": "8:29 PM"
		},
		{
			"date": "2016-09-04",
			"fajr": "4:47 AM",
			"sunrise": "6:05 AM",
			"dhuhr": "12:20 PM",
			"asr": "3:44 PM",
			"maghrib": "6:34 PM",
			"isha": "8:04 PM"
		},
		{
			"date": "2016-10-06",
			"fajr": "4:57 AM",
			"sunrise": "6:13 AM",
			"dhuhr": "12:09 PM",
			"asr": "3:31 PM",
			"maghrib": "6:04 PM",
			"isha": "7:34 PM"
		},
		{
			"date": "2016-11-05",
			"fajr": "5:08 AM",
			"sunrise": "6:26 AM",
			"dhuhr": "12:04 PM",
			"asr": "3:18 PM",
			"maghrib": "5:42 PM",
			"isha": "7:12 PM"
		},
		{
			"date": "2016-12-04",
			"fajr": "5:23 AM",
			"sunrise": "6:44 AM",
			"dhuhr": "12:11 PM",
			"asr": "3:17 PM",
			"maghrib": "5:38 PM",
			"isha": "7:08 PM"
		}
	]
}